{"src/main.cpp": 1753765925.257531, "src/graphics/vertex_geometry/vertex_geometry.cpp": 1753765933.5294938, "src/graphics/draw_info/draw_info.cpp": 1753765933.5168335, "src/functions/functions.cpp": 1753765925.2557824, "src/functions/string_invoker/functions.cpp": 1753765925.2557824, "src/utility/meta_utils/meta_utils.cpp": 1753765933.599834, "src/utility/unique_id_generator/unique_id_generator.cpp": 1753765933.669043, "src/utility/glm_printing/glm_printing.cpp": 1753765933.5548337, "src/utility/fs_utils/fs_utils.cpp": 1753765933.5408337, "src/utility/transform/transform.cpp": 1753765933.6462905, "src/utility/text_utils/text_utils.cpp": 1753765933.6311626, "src/utility/turns/turns.cpp": 1753765933.6577234, "src/utility/logger/logger.cpp": 1753765933.5858338, "src/utility/glm_utils/glm_utils.cpp": 1753765933.5688338}