{"src/main.cpp": 1753659330.0399835, "src/functions/functions.cpp": 1753580551.6667247, "src/functions/string_invoker/functions.cpp": 1753654815.937449, "src/utility/glm_utils/glm_utils.cpp": 1753615200.138776, "src/utility/text_utils/text_utils.cpp": 1753580304.37267, "src/utility/glm_printing/glm_printing.cpp": 1753615248.0085976, "src/utility/logger/logger.cpp": 1753659312.9879642, "src/utility/meta_utils/meta_utils.cpp": 1753617165.1307054}